{
  "pool": "data\\factors\\alphagen_top50_5k_seed7_filtered.json",
  "split": "test",
  "horizon": 5,
  "source": "qlib",
  "n_factors": 1,
  "symbols": 50,
  "observations": 69,
  "combined_metrics": {
    "ic_mean": -0.05178897860887595,
    "rank_ic_mean": 0.020444905064092755,
    "icir": -0.17307695124761777,
    "rank_icir": 0.08039573400094212
  },
  "combined_backtest": {
    "total_return": -0.17441786227871725,
    "annual_return": -0.5085001153678519,
    "annual_volatility": 0.2835562820607377,
    "sharpe_ratio": -1.7932951852533152,
    "max_drawdown": 0.21052239838974734,
    "calmar_ratio": -2.4154204932932988,
    "win_rate": 0.4411764705882353,
    "n_bars": 69,
    "bars_per_year": 252,
    "avg_turnover": 1.7192028985507246
  }
}