{
  "pool": "data\\factors\\alphagen_top50_5k_seed7_soft_filtered.json",
  "split": "test",
  "horizon": 5,
  "source": "qlib",
  "n_factors": 3,
  "symbols": 50,
  "observations": 69,
  "combined_metrics": {
    "ic_mean": -0.10320812472815949,
    "rank_ic_mean": -0.01563278673298047,
    "icir": -0.398909821648053,
    "rank_icir": -0.07033694069696367
  },
  "combined_backtest": {
    "total_return": -0.19938544193657737,
    "annual_return": -0.561369537755039,
    "annual_volatility": 0.27559726812097923,
    "sharpe_ratio": -2.036919819933099,
    "max_drawdown": 0.2276253132692026,
    "calmar_ratio": -2.466199956817331,
    "win_rate": 0.39705882352941174,
    "n_bars": 69,
    "bars_per_year": 252,
    "avg_turnover": 1.443840579710145
  }
}