{
  "exprs": [
    "Less(Sub(2.0,$high),-10.0)",
    "Div(Less(2.0,Greater($vwap,Add(-10.0,Var($open,5d)))),Mul(0.01,$vwap))",
    "Max(Sub(1.0,Add(Ref(Std(Mul($vwap,0.5),5d),20d),-2.0)),20d)",
    "Sub(Abs(Greater(-0.5,Sub($vwap,0.01))),Add($high,5.0))",
    "Delta(Sub(-1.0,$open),40d)",
    "Div(Greater(0.5,$low),$vwap)",
    "Div(Min($high,40d),-1.0)"
  ],
  "weights": [
    -0.0005253658320558624,
    -0.013892421727497136,
    0.020928505992767167,
    -0.08788654711325089,
    0.09025246452231685,
    0.028302339428445133,
    0.12751349297469616
  ],
  "val_ic": 0.01695639081299305,
  "val_ric": 0.02613138034939766,
  "test_ic": 0.01266618724912405,
  "test_ric": 0.06516613066196442,
  "seed": 7,
  "timestamp": "2026-05-01T01:12:40.676380"
}