{
  "ic_mean": 0.008248932014841379,
  "rank_ic_mean": 0.0655821144133378,
  "icir": 0.04038171870846647,
  "rank_icir": 0.2796330976598414
}