{
  "pool": "data\\factors\\alphagen_top50_5k_seed7.json",
  "split": "test",
  "horizon": 5,
  "source": "qlib",
  "n_factors": 7,
  "symbols": 50,
  "observations": 69,
  "combined_metrics": {
    "ic_mean": 0.008248932014841379,
    "rank_ic_mean": 0.0655821144133378,
    "icir": 0.04038171870846647,
    "rank_icir": 0.2796330976598414
  },
  "combined_backtest": {
    "total_return": 0.039662819577035435,
    "annual_return": 0.15505234420782954,
    "annual_volatility": 0.2268587914793401,
    "sharpe_ratio": 0.6834751397410581,
    "max_drawdown": 0.07934098104243573,
    "calmar_ratio": 1.9542529241590723,
    "win_rate": 0.4852941176470588,
    "n_bars": 69,
    "bars_per_year": 252,
    "avg_turnover": 0.9021739130434783
  }
}